{"has_child":1,"home_url":"http:\/\/35.182.243.147","child_file":{"35.182.243.147_wpvivid-60777611bf2f7_2021-04-14-23-09_backup_plugin.part001.zip":{"file_type":"plugin","plugin":{"akismet":{"slug":"akismet","size":238756},"all-in-one-wp-migration":{"slug":"all-in-one-wp-migration","size":1147166},"all-in-one-seo-pack":{"slug":"all-in-one-seo-pack","size":10772211},"amp":{"slug":"amp","size":4967359},"amazon-polly":{"slug":"amazon-polly","size":31043325},"coblocks":{"slug":"coblocks","size":2670110},"elementor":{"slug":"elementor","size":21552959},"google-analytics-for-wordpress":{"slug":"google-analytics-for-wordpress","size":8503495},"jetpack":{"slug":"jetpack","size":21741565},"menu-image":{"slug":"menu-image","size":3242891},"ml-slider":{"slug":"ml-slider","size":18968120},"simple-tags":{"slug":"simple-tags","size":1389092},"smart-slider-3":{"slug":"smart-slider-3","size":11675005},"astra-sites":{"slug":"astra-sites","size":3635796},"the-events-calendar":{"slug":"the-events-calendar","size":26469445},"ultimate-addons-for-gutenberg":{"slug":"ultimate-addons-for-gutenberg","size":15440206},"wpforms-lite":{"slug":"wpforms-lite","size":14009092},"wp-mail-smtp":{"slug":"wp-mail-smtp","size":8907128},"wpvivid-staging":{"slug":"wpvivid-staging","size":2912022}},"root_flag":"wp-content","file":"35.182.243.147_wpvivid-60777611bf2f7_2021-04-14-23-09_backup_plugin.part001.zip","php_version":"7.4.15","mysql_version":"8.0.23"}},"root_flag":"custom","file":"35.182.243.147_wpvivid-60777611bf2f7_2021-04-14-23-09_backup_all.part001.zip","php_version":"7.4.15","mysql_version":"8.0.23"}